product_type,description,title,mpn,price,brand,availability,image_link,custom_label_0,color,link,inventory,sale_price,id,condition,google_product_category
Phone Cases & Covers,"Built to last through the roughest and toughest situations, the long-lasting Bolt rugged case provides your phone with 360 degree armored protection. A convenient kickstand and reinforced corners are just a few of the many awesome features of the Bolt rugged cell phone case. Even though the Bolt rugged case is made with high-quality, heavy-duty materials, it remains lightweight with a sleek, slim profile. The unique, multi-layered Bolt rugged case snuggly fits yours phone with flexible, precision-molded silicone that has precise cutouts to allow access to all features, buttons and ports. Features galore, the innovative Bolt rugged case is more than just an extremely durable case for your Phone. Fun and practical accessories include a strong lanyard hook for secure attachment, convenient built-in kickstand and versatile holster that swivels 360 degrees for added comfort. With all of this durability and all of these exciting enhancements,the Bolt rugged case is a high-quality and stylish cell phone accessory. The Bolt rugged case is available in a range of color combinations. FEATURES: &#8226; Constructed using sturdy thermoplastic polyurethane (TPU) and shock absorbing silicone &#8226; Practical built-in kickstand for hands-free viewing &#8226; Swivel holster clip included for extra versatility &#8226; Attaches to your device in seconds.","Apple iPhone 7 Bolt Heavy-Duty Rugged Case, Holster and Screen Combo, Desert Tan/Cammo Green",DS-BT-LC7-APL-IPH7-05,49.99 USD,iPhone 7,in stock,http://www.cellularoutfitter.com/media/catalog/product/G/S/GST-LC7-APL-IPH7-BT05_01.jpg,iPhone 7,Brown,http://www.cellularoutfitter.com/apple/iphone-7/phone-cases-covers/bolt-heavy-duty-rugged-case-holster-and-screen-combo-desert-tan-cammo-green-apl-iph7-bt05.html?DZID=Facebook_OCPM_feed_52291_2_48762_&utm_source=facebook&utm_medium=ocpm&utm_campaign=facebook_feed,5338,18.99 USD,52291_2_4876200,New,Electronics > Communications > Telephony > Mobile Phone Accessories > Mobile Phone Cases
Phone Cases & Covers,"Built to last through the roughest and toughest situations, the long-lasting Bolt rugged case provides your phone with 360 degree armored protection. A convenient kickstand and reinforced corners are just a few of the many awesome features of the Bolt rugged cell phone case. Even though the Bolt rugged case is made with high-quality, heavy-duty materials, it remains lightweight with a sleek, slim profile. The unique, multi-layered Bolt rugged case snuggly fits yours phone with flexible, precision-molded silicone that has precise cutouts to allow access to all features, buttons and ports. Features galore, the innovative Bolt rugged case is more than just an extremely durable case for your Phone. Fun and practical accessories include a strong lanyard hook for secure attachment, convenient built-in kickstand and versatile holster that swivels 360 degrees for added comfort. With all of this durability and all of these exciting enhancements,the Bolt rugged case is a high-quality and stylish cell phone accessory. The Bolt rugged case is available in a range of color combinations. FEATURES: &#8226; Constructed using sturdy thermoplastic polyurethane (TPU) and shock absorbing silicone &#8226; Practical built-in kickstand for hands-free viewing &#8226; Swivel holster clip included for extra versatility &#8226; Attaches to your device in seconds.","Apple iPhone 7 Bolt Heavy-Duty Rugged Case, Holster and Screen Combo, Rose Gold/Black",DS-BT-LC7-APL-IPH7-33,49.99 USD,iPhone 7,in stock,http://www.cellularoutfitter.com/media/catalog/product/D/S/DS-BT-LC7-APL-IPH7-33_01.jpg,iPhone 7,Gold,http://www.cellularoutfitter.com/apple/iphone-7/phone-cases-covers/bolt-heavy-duty-rugged-case-holster-and-screen-combo-rose-gold-black-lc7-apl-iph7-33.html?DZID=Facebook_OCPM_feed_53379_2_48762_&utm_source=facebook&utm_medium=ocpm&utm_campaign=facebook_feed,4261,18.99 USD,53379_2_4876200,New,Electronics > Communications > Telephony > Mobile Phone Accessories > Mobile Phone Cases
Phone Cases & Covers,"Built to last through the roughest and toughest situations, the long-lasting Bolt rugged case provides your phone with 360 degree armored protection. A convenient kickstand and reinforced corners are just a few of the many awesome features of the Bolt rugged cell phone case. Even though the Bolt rugged case is made with high-quality, heavy-duty materials, it remains lightweight with a sleek, slim profile. The unique, multi-layered Bolt rugged case snuggly fits yours phone with flexible, precision-molded silicone that has precise cutouts to allow access to all features, buttons and ports. Features galore, the innovative Bolt rugged case is more than just an extremely durable case for your Phone. Fun and practical accessories include a strong lanyard hook for secure attachment, convenient built-in kickstand and versatile holster that swivels 360 degrees for added comfort. With all of this durability and all of these exciting enhancements,the Bolt rugged case is a high-quality and stylish cell phone accessory. The Bolt rugged case is available in a range of color combinations. FEATURES: &#8226; Constructed using sturdy thermoplastic polyurethane (TPU) and shock absorbing silicone &#8226; Practical built-in kickstand for hands-free viewing &#8226; Swivel holster clip included for extra versatility &#8226; Attaches to your device in seconds.","Apple iPhone 7 Bolt Heavy-Duty Rugged Case, Holster and Screen Combo, Blue/Black",DS-BT-LC7-APL-IPH7-17,49.99 USD,iPhone 7,in stock,http://www.cellularoutfitter.com/media/catalog/product/D/S/DS-BT-LC7-APL-IPH7-17_01.jpg,iPhone 7,Blue,http://www.cellularoutfitter.com/apple/iphone-7/phone-cases-covers/bolt-heavy-duty-rugged-case-holster-and-screen-combo-blue-black-lc7-apl-iph7-17.html?DZID=Facebook_OCPM_feed_53380_2_48762_&utm_source=facebook&utm_medium=ocpm&utm_campaign=facebook_feed,1737,18.99 USD,53380_2_4876200,New,Electronics > Communications > Telephony > Mobile Phone Accessories > Mobile Phone Cases
Phone Cases & Covers,"Built to last through the roughest and toughest situations, the long-lasting Bolt rugged case provides your phone with 360 degree armored protection. A convenient kickstand and reinforced corners are just a few of the many awesome features of the Bolt rugged cell phone case. Even though the Bolt rugged case is made with high-quality, heavy-duty materials, it remains lightweight with a sleek, slim profile. The unique, multi-layered Bolt rugged case snuggly fits yours phone with flexible, precision-molded silicone that has precise cutouts to allow access to all features, buttons and ports. Features galore, the innovative Bolt rugged case is more than just an extremely durable case for your Phone. Fun and practical accessories include a strong lanyard hook for secure attachment, convenient built-in kickstand and versatile holster that swivels 360 degrees for added comfort. With all of this durability and all of these exciting enhancements,the Bolt rugged case is a high-quality and stylish cell phone accessory. The Bolt rugged case is available in a range of color combinations. FEATURES: &#8226; Constructed using sturdy thermoplastic polyurethane (TPU) and shock absorbing silicone &#8226; Practical built-in kickstand for hands-free viewing &#8226; Swivel holster clip included for extra versatility &#8226; Attaches to your device in seconds.","Apple iPhone 7 Bolt Heavy-Duty Rugged Case, Holster and Screen Combo, Orange/Black",DS-BT-LC7-APL-IPH7-24,49.99 USD,iPhone 7,in stock,http://www.cellularoutfitter.com/media/catalog/product/D/S/DS-BT-LC7-APL-IPH7-24_01.jpg,iPhone 7,Orange,http://www.cellularoutfitter.com/apple/iphone-7/phone-cases-covers/bolt-heavy-duty-rugged-case-holster-and-screen-combo-orange-black-lc7-apl-iph7-24.html?DZID=Facebook_OCPM_feed_53381_2_48762_&utm_source=facebook&utm_medium=ocpm&utm_campaign=facebook_feed,3865,18.99 USD,53381_2_4876200,New,Electronics > Communications > Telephony > Mobile Phone Accessories > Mobile Phone Cases
Phone Cases & Covers,"Built to last through the roughest and toughest situations, the long-lasting Bolt rugged case provides your phone with 360 degree armored protection. A convenient kickstand and reinforced corners are just a few of the many awesome features of the Bolt rugged cell phone case. Even though the Bolt rugged case is made with high-quality, heavy-duty materials, it remains lightweight with a sleek, slim profile. The unique, multi-layered Bolt rugged case snuggly fits yours phone with flexible, precision-molded silicone that has precise cutouts to allow access to all features, buttons and ports. Features galore, the innovative Bolt rugged case is more than just an extremely durable case for your Phone. Fun and practical accessories include a strong lanyard hook for secure attachment, convenient built-in kickstand and versatile holster that swivels 360 degrees for added comfort. With all of this durability and all of these exciting enhancements,the Bolt rugged case is a high-quality and stylish cell phone accessory. The Bolt rugged case is available in a range of color combinations. FEATURES: &#8226; Constructed using sturdy thermoplastic polyurethane (TPU) and shock absorbing silicone &#8226; Practical built-in kickstand for hands-free viewing &#8226; Swivel holster clip included for extra versatility &#8226; Attaches to your device in seconds.","Apple iPhone 7 Bolt Heavy-Duty Rugged Case, Holster and Screen Combo, Gray/Black",DS-BT-LC7-APL-IPH7-02,49.99 USD,iPhone 7,in stock,http://www.cellularoutfitter.com/media/catalog/product/D/S/DS-BT-LC7-APL-IPH7-02_01.jpg,iPhone 7,Gray,http://www.cellularoutfitter.com/apple/iphone-7/phone-cases-covers/bolt-heavy-duty-rugged-case-holster-and-screen-combo-gray-black-lc7-apl-iph7-02.html?DZID=Facebook_OCPM_feed_53382_2_48762_&utm_source=facebook&utm_medium=ocpm&utm_campaign=facebook_feed,6750,18.99 USD,53382_2_4876200,New,Electronics > Communications > Telephony > Mobile Phone Accessories > Mobile Phone Cases
Phone Cases & Covers,"Built to last through the roughest and toughest situations, the long-lasting Bolt rugged case provides your phone with 360 degree armored protection. A convenient kickstand and reinforced corners are just a few of the many awesome features of the Bolt rugged cell phone case. Even though the Bolt rugged case is made with high-quality, heavy-duty materials, it remains lightweight with a sleek, slim profile. The unique, multi-layered Bolt rugged case snuggly fits yours phone with flexible, precision-molded silicone that has precise cutouts to allow access to all features, buttons and ports. Features galore, the innovative Bolt rugged case is more than just an extremely durable case for your Phone. Fun and practical accessories include a strong lanyard hook for secure attachment, convenient built-in kickstand and versatile holster that swivels 360 degrees for added comfort. With all of this durability and all of these exciting enhancements,the Bolt rugged case is a high-quality and stylish cell phone accessory. The Bolt rugged case is available in a range of color combinations. FEATURES: &#8226; Constructed using sturdy thermoplastic polyurethane (TPU) and shock absorbing silicone &#8226; Practical built-in kickstand for hands-free viewing &#8226; Swivel holster clip included for extra versatility &#8226; Attaches to your device in seconds.","Apple iPhone 7 Bolt Heavy-Duty Rugged Case, Holster and Screen Combo, Gold/Black",DS-BT-LC7-APL-IPH7-12,49.99 USD,iPhone 7,in stock,http://www.cellularoutfitter.com/media/catalog/product/D/S/DS-BT-LC7-APL-IPH7-12_01.jpg,iPhone 7,Gold,http://www.cellularoutfitter.com/apple/iphone-7/phone-cases-covers/bolt-heavy-duty-rugged-case-holster-and-screen-combo-gold-black-lc7-apl-iph7-12.html?DZID=Facebook_OCPM_feed_53383_2_48762_&utm_source=facebook&utm_medium=ocpm&utm_campaign=facebook_feed,1819,18.99 USD,53383_2_4876200,New,Electronics > Communications > Telephony > Mobile Phone Accessories > Mobile Phone Cases
Phone Cases & Covers,"Built to last through the roughest and toughest situations, the long-lasting Bolt rugged case provides your phone with 360 degree armored protection. A convenient kickstand and reinforced corners are just a few of the many awesome features of the Bolt rugged cell phone case. Even though the Bolt rugged case is made with high-quality, heavy-duty materials, it remains lightweight with a sleek, slim profile. The unique, multi-layered Bolt rugged case snuggly fits yours phone with flexible, precision-molded silicone that has precise cutouts to allow access to all features, buttons and ports. Features galore, the innovative Bolt rugged case is more than just an extremely durable case for your Phone. Fun and practical accessories include a strong lanyard hook for secure attachment, convenient built-in kickstand and versatile holster that swivels 360 degrees for added comfort. With all of this durability and all of these exciting enhancements,the Bolt rugged case is a high-quality and stylish cell phone accessory. The Bolt rugged case is available in a range of color combinations. FEATURES: &#8226; Constructed using sturdy thermoplastic polyurethane (TPU) and shock absorbing silicone &#8226; Practical built-in kickstand for hands-free viewing &#8226; Swivel holster clip included for extra versatility &#8226; Attaches to your device in seconds.","Apple iPhone 7 Bolt Heavy-Duty Rugged Case, Holster and Screen Combo, Red/Black",DS-BT-LC7-APL-IPH7-20,49.99 USD,iPhone 7,in stock,http://www.cellularoutfitter.com/media/catalog/product/D/S/DS-BT-LC7-APL-IPH7-20_01.jpg,iPhone 7,Red,http://www.cellularoutfitter.com/apple/iphone-7/phone-cases-covers/bolt-heavy-duty-rugged-case-holster-and-screen-combo-red-black-lc7-apl-iph7-20.html?DZID=Facebook_OCPM_feed_53384_2_48762_&utm_source=facebook&utm_medium=ocpm&utm_campaign=facebook_feed,6556,18.99 USD,53384_2_4876200,New,Electronics > Communications > Telephony > Mobile Phone Accessories > Mobile Phone Cases
Phone Cases & Covers,"Built to last through the roughest and toughest situations, the long-lasting Bolt rugged case provides your phone with 360 degree armored protection. A convenient kickstand and reinforced corners are just a few of the many awesome features of the Bolt rugged cell phone case. Even though the Bolt rugged case is made with high-quality, heavy-duty materials, it remains lightweight with a sleek, slim profile. The unique, multi-layered Bolt rugged case snuggly fits yours phone with flexible, precision-molded silicone that has precise cutouts to allow access to all features, buttons and ports. Features galore, the innovative Bolt rugged case is more than just an extremely durable case for your Phone. Fun and practical accessories include a strong lanyard hook for secure attachment, convenient built-in kickstand and versatile holster that swivels 360 degrees for added comfort. With all of this durability and all of these exciting enhancements,the Bolt rugged case is a high-quality and stylish cell phone accessory. The Bolt rugged case is available in a range of color combinations. FEATURES: &#8226; Constructed using sturdy thermoplastic polyurethane (TPU) and shock absorbing silicone &#8226; Practical built-in kickstand for hands-free viewing &#8226; Swivel holster clip included for extra versatility &#8226; Attaches to your device in seconds.","Apple iPhone 7 Bolt Heavy-Duty Rugged Case, Holster and Screen Combo, Black/Neon Green",DS-BT-LC7-APL-IPH7-27,49.99 USD,iPhone 7,in stock,http://www.cellularoutfitter.com/media/catalog/product/D/S/DS-BT-LC7-APL-IPH7-27_01.jpg,iPhone 7,Black,http://www.cellularoutfitter.com/apple/iphone-7/phone-cases-covers/bolt-heavy-duty-rugged-case-holster-and-screen-combo-black-neon-green-lc7-apl-iph7-27.html?DZID=Facebook_OCPM_feed_53386_2_48762_&utm_source=facebook&utm_medium=ocpm&utm_campaign=facebook_feed,7528,18.99 USD,53386_2_4876200,New,Electronics > Communications > Telephony > Mobile Phone Accessories > Mobile Phone Cases
Phone Cases & Covers,"Built to last through the roughest and toughest situations, the long-lasting Bolt rugged case provides your phone with 360 degree armored protection. A convenient kickstand and reinforced corners are just a few of the many awesome features of the Bolt rugged cell phone case. Even though the Bolt rugged case is made with high-quality, heavy-duty materials, it remains lightweight with a sleek, slim profile. The unique, multi-layered Bolt rugged case snuggly fits yours phone with flexible, precision-molded silicone that has precise cutouts to allow access to all features, buttons and ports. Features galore, the innovative Bolt rugged case is more than just an extremely durable case for your Phone. Fun and practical accessories include a strong lanyard hook for secure attachment, convenient built-in kickstand and versatile holster that swivels 360 degrees for added comfort. With all of this durability and all of these exciting enhancements,the Bolt rugged case is a high-quality and stylish cell phone accessory. The Bolt rugged case is available in a range of color combinations. FEATURES: &#8226; Constructed using sturdy thermoplastic polyurethane (TPU) and shock absorbing silicone &#8226; Practical built-in kickstand for hands-free viewing &#8226; Swivel holster clip included for extra versatility &#8226; Attaches to your device in seconds.","Apple iPhone 7 Bolt Heavy-Duty Rugged Case, Holster and Screen Combo, Black/Red",DS-BT-LC7-APL-IPH7-01,49.99 USD,iPhone 7,in stock,http://www.cellularoutfitter.com/media/catalog/product/D/S/DS-BT-LC7-APL-IPH7-01_01.jpg,iPhone 7,Black,http://www.cellularoutfitter.com/apple/iphone-7/phone-cases-covers/bolt-heavy-duty-rugged-case-holster-and-screen-combo-black-red-lc7-apl-iph7-01.html?DZID=Facebook_OCPM_feed_53387_2_48762_&utm_source=facebook&utm_medium=ocpm&utm_campaign=facebook_feed,8428,18.99 USD,53387_2_4876200,New,Electronics > Communications > Telephony > Mobile Phone Accessories > Mobile Phone Cases
Phone Cases & Covers,"Built to last through the roughest and toughest situations, the long-lasting Bolt rugged case provides your phone with 360 degree armored protection. A convenient kickstand and reinforced corners are just a few of the many awesome features of the Bolt rugged cell phone case. Even though the Bolt rugged case is made with high-quality, heavy-duty materials, it remains lightweight with a sleek, slim profile. The unique, multi-layered Bolt rugged case snuggly fits yours phone with flexible, precision-molded silicone that has precise cutouts to allow access to all features, buttons and ports. Features galore, the innovative Bolt rugged case is more than just an extremely durable case for your Phone. Fun and practical accessories include a strong lanyard hook for secure attachment, convenient built-in kickstand and versatile holster that swivels 360 degrees for added comfort. With all of this durability and all of these exciting enhancements,the Bolt rugged case is a high-quality and stylish cell phone accessory. The Bolt rugged case is available in a range of color combinations. FEATURES: &#8226; Constructed using sturdy thermoplastic polyurethane (TPU) and shock absorbing silicone &#8226; Practical built-in kickstand for hands-free viewing &#8226; Swivel holster clip included for extra versatility &#8226; Attaches to your device in seconds.","Apple iPhone 7 Bolt Heavy-Duty Rugged Case, Holster and Screen Combo, Black",DS-BT-LC7-APL-IPH7-10,49.99 USD,iPhone 7,in stock,http://www.cellularoutfitter.com/media/catalog/product/D/S/DS-BT-LC7-APL-IPH7-10_01.jpg,iPhone 7,Black,http://www.cellularoutfitter.com/apple/iphone-7/phone-cases-covers/bolt-heavy-duty-rugged-case-holster-and-screen-combo-black-lc7-apl-iph7-10.html?DZID=Facebook_OCPM_feed_53388_2_48762_&utm_source=facebook&utm_medium=ocpm&utm_campaign=facebook_feed,14354,18.99 USD,53388_2_4876200,New,Electronics > Communications > Telephony > Mobile Phone Accessories > Mobile Phone Cases
Phone Cases & Covers,"An embossed dream catcher design gives this case a elegant and classy appeal. Keep your phone secure in one side and your important cards on the other. When you close up the wallet case, it features a MagnetSafe magnet that wont erase or affect your credit cards or ID cards in any way. Take out your phone with ease with its matching detachable dream catcher case when you want to access your camera to take pictures or videos. Perfect for on-the-go fashionistas, busy moms, and anyone who wants both style and convenience from a phone case.","Apple iPhone 7 Embossed Dream Catcher Design Wallet Case with Detachable Matching Case and Wristlet, Gray",WLT-APL-IPH7-2DRC02,39.99 USD,iPhone 7,in stock,http://www.cellularoutfitter.com/media/catalog/product/W/L/WLT-APL-IPH7-2DRC02_00.jpg,iPhone 7,Gray,http://www.cellularoutfitter.com/apple/iphone-7/phone-cases-covers/embossed-dream-catcher-design-wallet-case-with-detachable-matching-case-and-wristlet-gray-iph7-2drc02.html?DZID=Facebook_OCPM_feed_55613_2_48762_&utm_source=facebook&utm_medium=ocpm&utm_campaign=facebook_feed,120,13.99 USD,55613_2_4876200,New,Electronics > Communications > Telephony > Mobile Phone Accessories > Mobile Phone Cases
Phone Cases & Covers,"An embossed dream catcher design gives this case a elegant and classy appeal. Keep your phone secure in one side and your important cards on the other. When you close up the wallet case, it features a MagnetSafe magnet that wont erase or affect your credit cards or ID cards in any way. Take out your phone with ease with its matching detachable dream catcher case when you want to access your camera to take pictures or videos. Perfect for on-the-go fashionistas, busy moms, and anyone who wants both style and convenience from a phone case.","Apple iPhone 7 Embossed Dream Catcher Design Wallet Case with Detachable Matching Case and Wristlet, Brown",WLT-APL-IPH7-2DRC05,39.99 USD,iPhone 7,in stock,http://www.cellularoutfitter.com/media/catalog/product/W/L/WLT-APL-IPH7-2DRC05_00.jpg,iPhone 7,Brown,http://www.cellularoutfitter.com/apple/iphone-7/phone-cases-covers/embossed-dream-catcher-design-wallet-case-with-detachable-matching-case-and-wristlet-brown-iph7-2drc05.html?DZID=Facebook_OCPM_feed_55614_2_48762_&utm_source=facebook&utm_medium=ocpm&utm_campaign=facebook_feed,230,13.99 USD,55614_2_4876200,New,Electronics > Communications > Telephony > Mobile Phone Accessories > Mobile Phone Cases
Phone Cases & Covers,"An embossed dream catcher design gives this case a elegant and classy appeal. Keep your phone secure in one side and your important cards on the other. When you close up the wallet case, it features a MagnetSafe magnet that wont erase or affect your credit cards or ID cards in any way. Take out your phone with ease with its matching detachable dream catcher case when you want to access your camera to take pictures or videos. Perfect for on-the-go fashionistas, busy moms, and anyone who wants both style and convenience from a phone case.","Apple iPhone 7 Embossed Dream Catcher Design Wallet Case with Detachable Matching Case and Wristlet, Pink",WLT-APL-IPH7-2DRC14,39.99 USD,iPhone 7,in stock,http://www.cellularoutfitter.com/media/catalog/product/W/L/WLT-APL-IPH7-2DRC14_00.jpg,iPhone 7,Pink,http://www.cellularoutfitter.com/apple/iphone-7/phone-cases-covers/embossed-dream-catcher-design-wallet-case-with-detachable-matching-case-and-wristlet-pink-iph7-2drc14.html?DZID=Facebook_OCPM_feed_55615_2_48762_&utm_source=facebook&utm_medium=ocpm&utm_campaign=facebook_feed,120,13.99 USD,55615_2_4876200,New,Electronics > Communications > Telephony > Mobile Phone Accessories > Mobile Phone Cases
Phone Cases & Covers,"An embossed dream catcher design gives this case a elegant and classy appeal. Keep your phone secure in one side and your important cards on the other. When you close up the wallet case, it features a MagnetSafe magnet that wont erase or affect your credit cards or ID cards in any way. Take out your phone with ease with its matching detachable dream catcher case when you want to access your camera to take pictures or videos. Perfect for on-the-go fashionistas, busy moms, and anyone who wants both style and convenience from a phone case.","Apple iPhone 7 Embossed Dream Catcher Design Wallet Case with Detachable Matching Case and Wristlet, Teal",WLT-APL-IPH7-2DRC15,39.99 USD,iPhone 7,in stock,http://www.cellularoutfitter.com/media/catalog/product/W/L/WLT-APL-IPH7-2DRC15_00.jpg,iPhone 7,Blue,http://www.cellularoutfitter.com/apple/iphone-7/phone-cases-covers/embossed-dream-catcher-design-wallet-case-with-detachable-matching-case-and-wristlet-teal-iph7-2drc15.html?DZID=Facebook_OCPM_feed_55616_2_48762_&utm_source=facebook&utm_medium=ocpm&utm_campaign=facebook_feed,290,13.99 USD,55616_2_4876200,New,Electronics > Communications > Telephony > Mobile Phone Accessories > Mobile Phone Cases
Phone Cases & Covers,"An embossed dream catcher design gives this case a elegant and classy appeal. Keep your phone secure in one side and your important cards on the other. When you close up the wallet case, it features a MagnetSafe magnet that wont erase or affect your credit cards or ID cards in any way. Take out your phone with ease with its matching detachable dream catcher case when you want to access your camera to take pictures or videos. Perfect for on-the-go fashionistas, busy moms, and anyone who wants both style and convenience from a phone case.","Apple iPhone 7 Embossed Dream Catcher Design Wallet Case with Detachable Matching Case and Wristlet, Purple",WLT-APL-IPH7-2DRC21,39.99 USD,iPhone 7,in stock,http://www.cellularoutfitter.com/media/catalog/product/W/L/WLT-APL-IPH7-2DRC21_00.jpg,iPhone 7,Purple,http://www.cellularoutfitter.com/apple/iphone-7/phone-cases-covers/embossed-dream-catcher-design-wallet-case-with-detachable-matching-case-and-wristlet-purple-iph7-2drc21.html?DZID=Facebook_OCPM_feed_55617_2_48762_&utm_source=facebook&utm_medium=ocpm&utm_campaign=facebook_feed,699,13.99 USD,55617_2_4876200,New,Electronics > Communications > Telephony > Mobile Phone Accessories > Mobile Phone Cases
Phone Cases & Covers,"An embossed dream catcher design gives this case a elegant and classy appeal. Keep your phone secure in one side and your important cards on the other. When you close up the wallet case, it features a MagnetSafe magnet that wont erase or affect your credit cards or ID cards in any way. Take out your phone with ease with its matching detachable dream catcher case when you want to access your camera to take pictures or videos. Perfect for on-the-go fashionistas, busy moms, and anyone who wants both style and convenience from a phone case.","Apple iPhone 7 Embossed Dream Catcher Design Wallet Case with Detachable Matching Case and Wristlet, Rose Gold",WLT-APL-IPH7-2DRC33,39.99 USD,iPhone 7,in stock,http://www.cellularoutfitter.com/media/catalog/product/W/L/WLT-APL-IPH7-2DRC33_00.jpg,iPhone 7,Pink,http://www.cellularoutfitter.com/apple/iphone-7/phone-cases-covers/embossed-dream-catcher-design-wallet-case-with-detachable-matching-case-and-wristlet-rose-gold-iph7-2drc33.html?DZID=Facebook_OCPM_feed_55618_2_48762_&utm_source=facebook&utm_medium=ocpm&utm_campaign=facebook_feed,129,13.99 USD,55618_2_4876200,New,Electronics > Communications > Telephony > Mobile Phone Accessories > Mobile Phone Cases
Phone Cases & Covers,"An embossed dream catcher design gives this case a elegant and classy appeal. Keep your phone secure in one side and your important cards on the other. When you close up the wallet case, it features a MagnetSafe magnet that wont erase or affect your credit cards or ID cards in any way. Take out your phone with ease with its matching detachable dream catcher case when you want to access your camera to take pictures or videos. Perfect for on-the-go fashionistas, busy moms, and anyone who wants both style and convenience from a phone case.","Apple iPhone 7 Embossed Dream Catcher Design Wallet Case with Detachable Matching Case and Wristlet, Lavender",WLT-APL-IPH7-2DRC39,39.99 USD,iPhone 7,in stock,http://www.cellularoutfitter.com/media/catalog/product/W/L/WLT-APL-IPH7-2DRC39_00.jpg,iPhone 7,Purple,http://www.cellularoutfitter.com/apple/iphone-7/phone-cases-covers/embossed-dream-catcher-design-wallet-case-with-detachable-matching-case-and-wristlet-lavender-iph7-2drc39.html?DZID=Facebook_OCPM_feed_55619_2_48762_&utm_source=facebook&utm_medium=ocpm&utm_campaign=facebook_feed,130,13.99 USD,55619_2_4876200,New,Electronics > Communications > Telephony > Mobile Phone Accessories > Mobile Phone Cases
Phone Wallets & Wristlets & Clutches,"An embossed Butterfly design gives this phone wallet a classy, beautiful look while keeping your device covered. With interior card slots for convenient storage for your ID and other essential cards for quick errands or a night out on the town. Case can also fold into a stand for when you want to watch videos, or need both hands for some intense mobile gaming sessions! Features a built-in case that your phone will fit securely into and a magnetic closure for the front flap, keeping everything in place while you go about your day. An included wristlet strap will make it easy to keep your phone on you even when you need both hands and to help prevent any accidental drops. Perfect for on-the-go fashionistas, busy moms, and anyone who wants both style and convenience from a phone case. Phone cameras, buttons, and all ports are accessible without having to remove case.","Apple iPhone 7 Embossed Butterfly Design Leather Folding Wallet Case with Wristlet, Gray",WLT-APL-IPH7-BF02,34.99 USD,iPhone 7,out of stock,http://www.cellularoutfitter.com/media/catalog/product/W/L/WLT-APL-IPH7-BF02_01.jpg,iPhone 7,Gray,http://www.cellularoutfitter.com/apple/iphone-7/phone-wallets-wristlets-clutches/embossed-butterfly-design-leather-folding-wallet-case-with-wristlet-gray-iph7-bf02.html?DZID=Facebook_OCPM_feed_53548_2_48763_&utm_source=facebook&utm_medium=ocpm&utm_campaign=facebook_feed,0,11.99 USD,53548_2_4876300,New,Electronics > Communications > Telephony > Mobile Phone Accessories > Mobile Phone Cases
Phone Wallets & Wristlets & Clutches,"An embossed Butterfly design gives this phone wallet a classy, beautiful look while keeping your device covered. With interior card slots for convenient storage for your ID and other essential cards for quick errands or a night out on the town. Case can also fold into a stand for when you want to watch videos, or need both hands for some intense mobile gaming sessions! Features a built-in case that your phone will fit securely into and a magnetic closure for the front flap, keeping everything in place while you go about your day. An included wristlet strap will make it easy to keep your phone on you even when you need both hands and to help prevent any accidental drops. Perfect for on-the-go fashionistas, busy moms, and anyone who wants both style and convenience from a phone case. Phone cameras, buttons, and all ports are accessible without having to remove case.","Apple iPhone 7 Embossed Butterfly Design Leather Folding Wallet Case with Wristlet, Teal",WLT-APL-IPH7-BF15,34.99 USD,iPhone 7,in stock,http://www.cellularoutfitter.com/media/catalog/product/W/L/WLT-APL-IPH7-BF15_01.jpg,iPhone 7,Blue,http://www.cellularoutfitter.com/apple/iphone-7/phone-wallets-wristlets-clutches/embossed-butterfly-design-leather-folding-wallet-case-with-wristlet-teal-iph7-bf15.html?DZID=Facebook_OCPM_feed_53552_2_48763_&utm_source=facebook&utm_medium=ocpm&utm_campaign=facebook_feed,50,11.99 USD,53552_2_4876300,New,Electronics > Communications > Telephony > Mobile Phone Accessories > Mobile Phone Cases
Phone Wallets & Wristlets & Clutches,"An embossed dream catcher design gives this case a elegant and classy appeal. Keep your phone secure in one side and your important cards on the other. When you close up the wallet case, it features a MagnetSafe magnet that wont erase or affect your credit cards or ID cards in any way. Take out your phone with ease with its matching detachable dream catcher case when you want to access your camera to take pictures or videos. Perfect for on-the-go fashionistas, busy moms, and anyone who wants both style and convenience from a phone case.","Apple iPhone 7 Embossed Dream Catcher Design Wallet Case with Detachable Matching Case and Wristlet, Gray",WLT-APL-IPH7-2DRC02,39.99 USD,iPhone 7,in stock,http://www.cellularoutfitter.com/media/catalog/product/W/L/WLT-APL-IPH7-2DRC02_00.jpg,iPhone 7,Gray,http://www.cellularoutfitter.com/apple/iphone-7/phone-wallets-wristlets-clutches/embossed-dream-catcher-design-wallet-case-with-detachable-matching-case-and-wristlet-gray-iph7-2drc02.html?DZID=Facebook_OCPM_feed_55613_2_48763_&utm_source=facebook&utm_medium=ocpm&utm_campaign=facebook_feed,120,13.99 USD,55613_2_4876300,New,Electronics > Communications > Telephony > Mobile Phone Accessories > Mobile Phone Cases
Phone Wallets & Wristlets & Clutches,"An embossed dream catcher design gives this case a elegant and classy appeal. Keep your phone secure in one side and your important cards on the other. When you close up the wallet case, it features a MagnetSafe magnet that wont erase or affect your credit cards or ID cards in any way. Take out your phone with ease with its matching detachable dream catcher case when you want to access your camera to take pictures or videos. Perfect for on-the-go fashionistas, busy moms, and anyone who wants both style and convenience from a phone case.","Apple iPhone 7 Embossed Dream Catcher Design Wallet Case with Detachable Matching Case and Wristlet, Brown",WLT-APL-IPH7-2DRC05,39.99 USD,iPhone 7,in stock,http://www.cellularoutfitter.com/media/catalog/product/W/L/WLT-APL-IPH7-2DRC05_00.jpg,iPhone 7,Brown,http://www.cellularoutfitter.com/apple/iphone-7/phone-wallets-wristlets-clutches/embossed-dream-catcher-design-wallet-case-with-detachable-matching-case-and-wristlet-brown-iph7-2drc05.html?DZID=Facebook_OCPM_feed_55614_2_48763_&utm_source=facebook&utm_medium=ocpm&utm_campaign=facebook_feed,230,13.99 USD,55614_2_4876300,New,Electronics > Communications > Telephony > Mobile Phone Accessories > Mobile Phone Cases
Phone Wallets & Wristlets & Clutches,"An embossed dream catcher design gives this case a elegant and classy appeal. Keep your phone secure in one side and your important cards on the other. When you close up the wallet case, it features a MagnetSafe magnet that wont erase or affect your credit cards or ID cards in any way. Take out your phone with ease with its matching detachable dream catcher case when you want to access your camera to take pictures or videos. Perfect for on-the-go fashionistas, busy moms, and anyone who wants both style and convenience from a phone case.","Apple iPhone 7 Embossed Dream Catcher Design Wallet Case with Detachable Matching Case and Wristlet, Pink",WLT-APL-IPH7-2DRC14,39.99 USD,iPhone 7,in stock,http://www.cellularoutfitter.com/media/catalog/product/W/L/WLT-APL-IPH7-2DRC14_00.jpg,iPhone 7,Pink,http://www.cellularoutfitter.com/apple/iphone-7/phone-wallets-wristlets-clutches/embossed-dream-catcher-design-wallet-case-with-detachable-matching-case-and-wristlet-pink-iph7-2drc14.html?DZID=Facebook_OCPM_feed_55615_2_48763_&utm_source=facebook&utm_medium=ocpm&utm_campaign=facebook_feed,120,13.99 USD,55615_2_4876300,New,Electronics > Communications > Telephony > Mobile Phone Accessories > Mobile Phone Cases
Phone Wallets & Wristlets & Clutches,"An embossed dream catcher design gives this case a elegant and classy appeal. Keep your phone secure in one side and your important cards on the other. When you close up the wallet case, it features a MagnetSafe magnet that wont erase or affect your credit cards or ID cards in any way. Take out your phone with ease with its matching detachable dream catcher case when you want to access your camera to take pictures or videos. Perfect for on-the-go fashionistas, busy moms, and anyone who wants both style and convenience from a phone case.","Apple iPhone 7 Embossed Dream Catcher Design Wallet Case with Detachable Matching Case and Wristlet, Teal",WLT-APL-IPH7-2DRC15,39.99 USD,iPhone 7,in stock,http://www.cellularoutfitter.com/media/catalog/product/W/L/WLT-APL-IPH7-2DRC15_00.jpg,iPhone 7,Blue,http://www.cellularoutfitter.com/apple/iphone-7/phone-wallets-wristlets-clutches/embossed-dream-catcher-design-wallet-case-with-detachable-matching-case-and-wristlet-teal-iph7-2drc15.html?DZID=Facebook_OCPM_feed_55616_2_48763_&utm_source=facebook&utm_medium=ocpm&utm_campaign=facebook_feed,290,13.99 USD,55616_2_4876300,New,Electronics > Communications > Telephony > Mobile Phone Accessories > Mobile Phone Cases
Phone Wallets & Wristlets & Clutches,"An embossed dream catcher design gives this case a elegant and classy appeal. Keep your phone secure in one side and your important cards on the other. When you close up the wallet case, it features a MagnetSafe magnet that wont erase or affect your credit cards or ID cards in any way. Take out your phone with ease with its matching detachable dream catcher case when you want to access your camera to take pictures or videos. Perfect for on-the-go fashionistas, busy moms, and anyone who wants both style and convenience from a phone case.","Apple iPhone 7 Embossed Dream Catcher Design Wallet Case with Detachable Matching Case and Wristlet, Purple",WLT-APL-IPH7-2DRC21,39.99 USD,iPhone 7,in stock,http://www.cellularoutfitter.com/media/catalog/product/W/L/WLT-APL-IPH7-2DRC21_00.jpg,iPhone 7,Purple,http://www.cellularoutfitter.com/apple/iphone-7/phone-wallets-wristlets-clutches/embossed-dream-catcher-design-wallet-case-with-detachable-matching-case-and-wristlet-purple-iph7-2drc21.html?DZID=Facebook_OCPM_feed_55617_2_48763_&utm_source=facebook&utm_medium=ocpm&utm_campaign=facebook_feed,699,13.99 USD,55617_2_4876300,New,Electronics > Communications > Telephony > Mobile Phone Accessories > Mobile Phone Cases
Phone Wallets & Wristlets & Clutches,"An embossed dream catcher design gives this case a elegant and classy appeal. Keep your phone secure in one side and your important cards on the other. When you close up the wallet case, it features a MagnetSafe magnet that wont erase or affect your credit cards or ID cards in any way. Take out your phone with ease with its matching detachable dream catcher case when you want to access your camera to take pictures or videos. Perfect for on-the-go fashionistas, busy moms, and anyone who wants both style and convenience from a phone case.","Apple iPhone 7 Embossed Dream Catcher Design Wallet Case with Detachable Matching Case and Wristlet, Rose Gold",WLT-APL-IPH7-2DRC33,39.99 USD,iPhone 7,in stock,http://www.cellularoutfitter.com/media/catalog/product/W/L/WLT-APL-IPH7-2DRC33_00.jpg,iPhone 7,Pink,http://www.cellularoutfitter.com/apple/iphone-7/phone-wallets-wristlets-clutches/embossed-dream-catcher-design-wallet-case-with-detachable-matching-case-and-wristlet-rose-gold-iph7-2drc33.html?DZID=Facebook_OCPM_feed_55618_2_48763_&utm_source=facebook&utm_medium=ocpm&utm_campaign=facebook_feed,129,13.99 USD,55618_2_4876300,New,Electronics > Communications > Telephony > Mobile Phone Accessories > Mobile Phone Cases
Phone Wallets & Wristlets & Clutches,"An embossed dream catcher design gives this case a elegant and classy appeal. Keep your phone secure in one side and your important cards on the other. When you close up the wallet case, it features a MagnetSafe magnet that wont erase or affect your credit cards or ID cards in any way. Take out your phone with ease with its matching detachable dream catcher case when you want to access your camera to take pictures or videos. Perfect for on-the-go fashionistas, busy moms, and anyone who wants both style and convenience from a phone case.","Apple iPhone 7 Embossed Dream Catcher Design Wallet Case with Detachable Matching Case and Wristlet, Lavender",WLT-APL-IPH7-2DRC39,39.99 USD,iPhone 7,in stock,http://www.cellularoutfitter.com/media/catalog/product/W/L/WLT-APL-IPH7-2DRC39_00.jpg,iPhone 7,Purple,http://www.cellularoutfitter.com/apple/iphone-7/phone-wallets-wristlets-clutches/embossed-dream-catcher-design-wallet-case-with-detachable-matching-case-and-wristlet-lavender-iph7-2drc39.html?DZID=Facebook_OCPM_feed_55619_2_48763_&utm_source=facebook&utm_medium=ocpm&utm_campaign=facebook_feed,130,13.99 USD,55619_2_4876300,New,Electronics > Communications > Telephony > Mobile Phone Accessories > Mobile Phone Cases